{
  "project_info": {
    "project_number": "673345428128",
    "project_id": "sprint4-c4-g107",
    "storage_bucket": "sprint4-c4-g107.appspot.com"
  },
  "client": [
    {
      "client_info": {
        "mobilesdk_app_id": "1:673345428128:android:6d487bdb4a3d14d929c7c5",
        "android_client_info": {
          "package_name": "com.example.myapplication"
        }
      },
      "oauth_client": [
        {
          "client_id": "673345428128-mnhq6tqmih24enqdmg9cvjqmt62qt6kh.apps.googleusercontent.com",
          "client_type": 3
        }
      ],
      "api_key": [
        {
          "current_key": "AIzaSyDkINx17_UWhj2a0-_P8-reLtlxd57Jics"
        }
      ],
      "services": {
        "appinvite_service": {
          "other_platform_oauth_client": [
            {
              "client_id": "673345428128-mnhq6tqmih24enqdmg9cvjqmt62qt6kh.apps.googleusercontent.com",
              "client_type": 3
            }
          ]
        }
      }
    }
  ],
  "configuration_version": "1"
}